{
  "method": "isotonic",
  "x_thresholds": [
    0.26584111722862075,
    0.26904859218911314,
    0.2743587571909323,
    0.3256286295394328,
    0.3271515295655854,
    0.36277807817724905,
    0.36349841343590344,
    0.42244366817332996,
    0.42255788525578175,
    0.45720598180377975,
    0.4573938551902987,
    0.47704076821680563,
    0.4771674593949951,
    0.5329079624487265,
    0.5329529475752739,
    0.5579803076826423,
    0.5584168218046466,
    0.5766956159686375,
    0.576744500133999,
    0.6240557783420122,
    0.6243517584323474,
    0.6628747258841574,
    0.6645928759535383,
    0.6663629224763012,
    0.6666137722200669,
    0.7645694459585727,
    0.7657352199998747,
    0.8107795550616398
  ],
  "y_thresholds": [
    0.0,
    0.0,
    0.23809523809523808,
    0.23809523809523808,
    0.2727272727272727,
    0.2727272727272727,
    0.3559322033898305,
    0.3559322033898305,
    0.39436619718309857,
    0.39436619718309857,
    0.4069767441860465,
    0.4069767441860465,
    0.5192878338278931,
    0.5192878338278931,
    0.543046357615894,
    0.543046357615894,
    0.544642857142857,
    0.544642857142857,
    0.6222222222222222,
    0.6222222222222222,
    0.6237623762376238,
    0.6237623762376238,
    0.75,
    0.75,
    0.7614678899082569,
    0.7614678899082569,
    0.9090909090909091,
    0.9090909090909091
  ],
  "n_thresholds": 28
}