{
  "method": "isotonic",
  "x_thresholds": [
    0.24816338930758927,
    0.26515819925984857,
    0.2698698433163144,
    0.3886072178317462,
    0.38881504595543337,
    0.42245980771042274,
    0.42262914210010427,
    0.4449590809051582,
    0.4449660419719636,
    0.4794057129068176,
    0.4794123419758975,
    0.5009819882287927,
    0.5010096731333256,
    0.506253726327022,
    0.5068730651707233,
    0.5878522353612037,
    0.5879058990585755,
    0.589326183364976,
    0.5894688336511139,
    0.590111789524961,
    0.5901144314258912,
    0.6443675650069002,
    0.644782913442231,
    0.7158411036793256,
    0.7173053040984275,
    0.7394643382093659,
    0.7414330305925172,
    0.7441772021191875,
    0.7473254765792166,
    0.7964225614975496
  ],
  "y_thresholds": [
    0.2,
    0.2,
    0.31182795698924737,
    0.31182795698924737,
    0.35,
    0.35,
    0.4090909090909091,
    0.4090909090909091,
    0.4230769230769231,
    0.4230769230769231,
    0.524822695035461,
    0.524822695035461,
    0.5294117647058824,
    0.5294117647058824,
    0.5468085106382978,
    0.5468085106382978,
    0.5714285714285714,
    0.5714285714285714,
    0.6,
    0.6,
    0.6238095238095238,
    0.6238095238095238,
    0.6518518518518519,
    0.6518518518518519,
    0.7,
    0.7,
    0.75,
    0.75,
    0.9333333333333333,
    0.9333333333333333
  ],
  "n_thresholds": 30
}