{
  "method": "isotonic",
  "x_thresholds": [
    0.2993267284784295,
    0.30916628835221976,
    0.31014416660088867,
    0.3158004101959272,
    0.3161429349568718,
    0.38543077654228086,
    0.3855253415219713,
    0.40645865800434083,
    0.40664237912962337,
    0.4775586370536769,
    0.4777591411566968,
    0.483427635820523,
    0.48350791066680704,
    0.4845319064562843,
    0.4846176608033271,
    0.553033133570245,
    0.5533127717222427,
    0.575889884262057,
    0.5761214755026882,
    0.5820968158540409,
    0.582289574712827,
    0.6119949818014918,
    0.6122099770273072,
    0.6443596530934164,
    0.6446462920224901,
    0.7047269394935867,
    0.7049339717467337,
    0.7386253506112801,
    0.7394957835938387,
    0.7411815327574495
  ],
  "y_thresholds": [
    0.0,
    0.0,
    0.2857142857142857,
    0.2857142857142857,
    0.3484848484848485,
    0.3484848484848485,
    0.3695652173913043,
    0.3695652173913043,
    0.39285714285714285,
    0.39285714285714285,
    0.4411764705882353,
    0.4411764705882353,
    0.5,
    0.5,
    0.5223529411764706,
    0.5223529411764706,
    0.59375,
    0.59375,
    0.6046511627906976,
    0.6046511627906976,
    0.6171428571428573,
    0.6171428571428573,
    0.6181818181818182,
    0.6181818181818182,
    0.6509433962264151,
    0.6509433962264151,
    0.75,
    0.75,
    1.0,
    1.0
  ],
  "n_thresholds": 30
}