{
  "method": "isotonic",
  "x_thresholds": [
    0.2481633893075921,
    0.2651581992598513,
    0.26986984331631886,
    0.3886072178317476,
    0.3888150459554368,
    0.4224598077104225,
    0.4226291421001068,
    0.44495908090516134,
    0.4449660419719679,
    0.4794057129068192,
    0.4794123419758991,
    0.500981988228794,
    0.5010096731333274,
    0.5062537263270237,
    0.5068730651707256,
    0.5878522353612065,
    0.5879058990585774,
    0.5893261833649804,
    0.5894688336511159,
    0.5901117895249642,
    0.5901144314258925,
    0.6443675650069024,
    0.644782913442234,
    0.7158411036793264,
    0.7173053040984287,
    0.7394643382093654,
    0.741433030592517,
    0.7441772021191883,
    0.7473254765792186,
    0.7964225614975496
  ],
  "y_thresholds": [
    0.2,
    0.2,
    0.31182795698924737,
    0.31182795698924737,
    0.35,
    0.35,
    0.4090909090909091,
    0.4090909090909091,
    0.4230769230769231,
    0.4230769230769231,
    0.524822695035461,
    0.524822695035461,
    0.5294117647058824,
    0.5294117647058824,
    0.5468085106382978,
    0.5468085106382978,
    0.5714285714285714,
    0.5714285714285714,
    0.6,
    0.6,
    0.6238095238095238,
    0.6238095238095238,
    0.6518518518518519,
    0.6518518518518519,
    0.7,
    0.7,
    0.75,
    0.75,
    0.9333333333333333,
    0.9333333333333333
  ],
  "n_thresholds": 30
}