{
  "method": "isotonic",
  "x_thresholds": [
    0.27123737703519857,
    0.2722451139279105,
    0.2772869100800043,
    0.3783301778756626,
    0.37919737826417926,
    0.4205826520289189,
    0.42071916163394435,
    0.465899579344027,
    0.4660814758762086,
    0.48361737281804473,
    0.48364377316023904,
    0.4847675295724288,
    0.4847890980340785,
    0.5490745778263996,
    0.5492196855342392,
    0.5714277603177368,
    0.5715572599425544,
    0.6066384676598635,
    0.6071222726444083,
    0.6225605917745436,
    0.6229213496173932,
    0.6576812540326605,
    0.6579144842286315,
    0.6708158670603083,
    0.6722074527503066,
    0.7627273569758724,
    0.7641126104913871,
    0.8035181818617887,
    0.8111976694696276
  ],
  "y_thresholds": [
    0.0,
    0.0,
    0.2597402597402597,
    0.2597402597402597,
    0.35789473684210527,
    0.35789473684210527,
    0.40437158469945356,
    0.40437158469945356,
    0.46153846153846156,
    0.46153846153846156,
    0.5,
    0.5,
    0.5122549019607844,
    0.5122549019607844,
    0.5620437956204379,
    0.5620437956204379,
    0.6141304347826086,
    0.6141304347826086,
    0.6176470588235294,
    0.6176470588235294,
    0.6195652173913043,
    0.6195652173913043,
    0.7333333333333333,
    0.7333333333333333,
    0.7582417582417582,
    0.7582417582417582,
    0.8888888888888888,
    0.8888888888888888,
    1.0
  ],
  "n_thresholds": 29
}