{
  "method": "isotonic",
  "x_thresholds": [
    0.2712373770351986,
    0.272245113927911,
    0.2772869100800043,
    0.378330177875663,
    0.3791973782641793,
    0.42058265202892003,
    0.4207191616339447,
    0.46589957934402737,
    0.46608147587620874,
    0.4836173728180452,
    0.4836437731602395,
    0.484767529572429,
    0.48478909803407944,
    0.5490745778264001,
    0.5492196855342392,
    0.5714277603177371,
    0.5715572599425542,
    0.6066384676598634,
    0.6071222726444084,
    0.6225605917745435,
    0.6229213496173929,
    0.6576812540326608,
    0.6579144842286315,
    0.6708158670603085,
    0.6722074527503066,
    0.7627273569758725,
    0.7641126104913873,
    0.8035181818617884,
    0.8111976694696276
  ],
  "y_thresholds": [
    0.0,
    0.0,
    0.2597402597402597,
    0.2597402597402597,
    0.35789473684210527,
    0.35789473684210527,
    0.40437158469945356,
    0.40437158469945356,
    0.46153846153846156,
    0.46153846153846156,
    0.5,
    0.5,
    0.5122549019607844,
    0.5122549019607844,
    0.5620437956204379,
    0.5620437956204379,
    0.6141304347826086,
    0.6141304347826086,
    0.6176470588235294,
    0.6176470588235294,
    0.6195652173913043,
    0.6195652173913043,
    0.7333333333333333,
    0.7333333333333333,
    0.7582417582417582,
    0.7582417582417582,
    0.8888888888888888,
    0.8888888888888888,
    1.0
  ],
  "n_thresholds": 29
}