{
  "elo_diff": -0.129434953109452,
  "sp_xfip_diff": 0.07110836933531482,
  "sp_kbb_diff": -0.10122236851977817,
  "sp_siera_diff": 0.07110836933531432,
  "sp_csw_diff": 0.0,
  "sp_rolling_gs_diff": 0.21359328413673667,
  "bullpen_strength_diff": 0.0,
  "lineup_woba_diff": 0.1004113084677826,
  "lineup_wrc_plus_diff": 0.10041130846777724,
  "team_10d_woba_diff": 0.0,
  "team_10d_fip_diff": 0.0,
  "pythagorean_diff": 0.5403428825329114,
  "log5_prob": -0.1930138810909606,
  "drs_diff": 0.0,
  "catcher_framing_diff": 0.0,
  "park_factor": 0.06640271257730698,
  "wind_out_cf": 0.0,
  "wind_in_cf": 0.0,
  "temperature": 0.0,
  "umpire_run_factor": 0.0,
  "rest_days_diff": 0.0,
  "travel_tz_shift": 0.0,
  "day_after_night": 0.0,
  "is_home": 0.0,
  "statcast_xba_diff": 0.0,
  "statcast_barrel_diff": 0.0,
  "statcast_hardhit_diff": 0.0,
  "statcast_ev_diff": 0.0,
  "gb_rate_diff": 0.0,
  "sci_adjusted_diff": 0.10041130846777535,
  "vegas_home_prob": 0.0,
  "momentum_diff": 0.009479759481694675,
  "run_diff_diff": -0.05694906314887217,
  "platoon_advantage": 0.01877940178318013,
  "_intercept": 0.12368664528177324
}