{
  "elo_diff": -0.11954603562612301,
  "pythagorean_diff": 0.563780129669205,
  "log5_prob": -0.1842701004105141,
  "sci_adjusted_diff": 0.12518917760664552,
  "sp_xfip_diff": 0.07131524508448692,
  "sp_kbb_diff": -0.10365537428147445,
  "sp_siera_diff": 0.07131524508448531,
  "sp_rolling_gs_diff": 0.21807269638049523,
  "lineup_woba_diff": 0.12518917760664738,
  "lineup_wrc_plus_diff": 0.12518917760664777,
  "park_factor": 0.06609364037528895,
  "momentum_diff": 0.03858404527305576,
  "run_diff_diff": -0.04067491929061027,
  "platoon_advantage": 0.01921727085750549,
  "statcast_xba_diff": -0.05051383783022014,
  "statcast_barrel_diff": -0.06378218815193559,
  "statcast_hardhit_diff": 0.010873801302000986,
  "gb_rate_diff": 0.0012940615282965758,
  "bullpen_strength_diff": -0.02131486134849862,
  "drs_diff": -0.004275843665748728,
  "team_10d_woba_diff": -0.011901553808301504,
  "team_10d_fip_diff": 0.05555154764237271,
  "rest_days_diff": 0.010108792174005952,
  "_intercept": 0.12389691816863138
}