{
  "elo_diff": -0.12198057366237498,
  "pythagorean_diff": 0.4242236170240806,
  "log5_prob": -0.06500818461047436,
  "sci_adjusted_diff": 0.3040214857820307,
  "_intercept": 0.12246797836857737
}