{
  "elo_diff": -0.12655243543141506,
  "sp_xfip_diff": -0.02062367884700545,
  "sp_kbb_diff": 0.05725265850303578,
  "sp_siera_diff": -0.020623678846995366,
  "sp_csw_diff": 0.0,
  "sp_rolling_gs_diff": 0.22120304612719469,
  "bullpen_strength_diff": 0.0,
  "lineup_woba_diff": 0.09147178283910673,
  "lineup_wrc_plus_diff": 0.09147178283910289,
  "team_10d_woba_diff": 0.0,
  "team_10d_fip_diff": 0.0,
  "pythagorean_diff": 0.422972969691321,
  "log5_prob": -0.11627458522227066,
  "drs_diff": 0.0,
  "catcher_framing_diff": 0.0,
  "park_factor": 0.061692644845685776,
  "wind_out_cf": 0.0,
  "wind_in_cf": 0.0,
  "temperature": 0.0,
  "umpire_run_factor": 0.0,
  "rest_days_diff": 0.0,
  "travel_tz_shift": 0.0,
  "day_after_night": 0.0,
  "is_home": 0.0,
  "statcast_xba_diff": 0.0,
  "statcast_barrel_diff": 0.0,
  "statcast_hardhit_diff": 0.0,
  "statcast_ev_diff": 0.0,
  "gb_rate_diff": 0.0,
  "sci_adjusted_diff": 0.09147178283910568,
  "vegas_home_prob": 0.0,
  "momentum_diff": 0.0,
  "run_diff_diff": 0.0,
  "platoon_advantage": 0.0,
  "_intercept": 0.123735058840064
}