{
  "intercept": 0.12905433793009516,
  "coefficients": [
    0.14971904303043798,
    -0.0089697511524993,
    0.032934049327488654,
    0.0012648295716645168,
    0.32884582919948424,
    -0.04745229088811255,
    0.040775153185734075,
    -0.014904477709747897,
    0.028166188001462183,
    0.03445865639494427,
    -0.0549268901986153,
    0.004775474038023491,
    0.04536529246761668
  ],
  "feature_names": [
    "elo_diff",
    "win_pct_diff",
    "rpg_diff",
    "rapg_diff",
    "pythagorean_diff",
    "log5_prob",
    "sp_era_diff",
    "sp_whip_diff",
    "sp_k9_diff",
    "sp_bb9_diff",
    "series_game_num",
    "series_deficit",
    "is_elimination_game"
  ]
}