{
  "mean": [
    -0.025481456819162113,
    0.00010742086876109011,
    0.0006604921607511051,
    -0.00041677415657206864,
    3.115979290028223e-05,
    0.5000693425796446,
    0.0007267794261963863,
    0.00020781619811810874,
    0.0010149931722603133,
    0.0011768685248264637,
    0.04525774981238816,
    -0.0008081741037926456,
    0.00554176528314957
  ],
  "scale": [
    61.25636835552493,
    0.006505463674526606,
    0.05517395029107587,
    0.046298428171929466,
    0.05315421051564978,
    0.08054426082211012,
    0.1346899025401501,
    0.025889979724720517,
    0.27285525738483896,
    0.13729409943925727,
    0.40706951413805575,
    0.12803802488819002,
    0.07423647432829801
  ],
  "feature_names": [
    "elo_diff",
    "win_pct_diff",
    "rpg_diff",
    "rapg_diff",
    "pythagorean_diff",
    "log5_prob",
    "sp_era_diff",
    "sp_whip_diff",
    "sp_k9_diff",
    "sp_bb9_diff",
    "series_game_num",
    "series_deficit",
    "is_elimination_game"
  ]
}