{
  "feature_names": [
    "elo_diff",
    "sp_xfip_diff",
    "sp_kbb_diff",
    "sp_siera_diff",
    "sp_csw_diff",
    "sp_rolling_gs_diff",
    "bullpen_strength_diff",
    "lineup_woba_diff",
    "lineup_wrc_plus_diff",
    "team_10d_woba_diff",
    "team_10d_fip_diff",
    "pythagorean_diff",
    "log5_prob",
    "drs_diff",
    "catcher_framing_diff",
    "park_factor",
    "wind_out_cf",
    "wind_in_cf",
    "temperature",
    "umpire_run_factor",
    "rest_days_diff",
    "travel_tz_shift",
    "day_after_night",
    "is_home",
    "statcast_xba_diff",
    "statcast_barrel_diff",
    "statcast_hardhit_diff",
    "statcast_ev_diff",
    "gb_rate_diff",
    "sci_adjusted_diff",
    "vegas_home_prob",
    "momentum_diff",
    "run_diff_diff",
    "platoon_advantage"
  ],
  "mean": [
    -0.08766367898962031,
    0.005729980869089915,
    0.0014502817836490806,
    0.005990434544957646,
    0.0,
    -0.01827548510522065,
    0.0,
    2.1368543317845967e-05,
    0.0066776697868270425,
    0.0,
    0.0,
    4.054387553863728e-05,
    0.5000900393241869,
    0.0,
    0.0,
    1.0238336977315396,
    0.0,
    0.0,
    70.0,
    1.0,
    0.0,
    0.0,
    0.0,
    1.0,
    0.0,
    0.0,
    0.0,
    0.0,
    0.0,
    0.00021368543317846163,
    0.0,
    0.0,
    0.0,
    0.0
  ],
  "scale": [
    57.695731287223246,
    2.5089354520553533,
    0.18147267680258963,
    2.622977972603319,
    1.0,
    13.873883809484942,
    1.0,
    0.021799911239617737,
    6.8124722623805525,
    1.0,
    1.0,
    0.053439011423802876,
    0.08162160513280611,
    1.0,
    1.0,
    0.0808985439957087,
    1.0,
    1.0,
    1.0,
    1.0,
    1.0,
    1.0,
    1.0,
    1.0,
    1.0,
    1.0,
    1.0,
    1.0,
    1.0,
    0.21799911239617714,
    1.0,
    1.0,
    1.0,
    1.0
  ],
  "var": [
    3328.797408767471,
    6.294757102580201,
    0.03293233242589715,
    6.880013444762216,
    0.0,
    192.4846519590884,
    0.0,
    0.0004752361300552118,
    46.40977832570441,
    0.0,
    0.0,
    0.0028557279419533345,
    0.006662086424455722,
    0.0,
    0.0,
    0.006544574420625616,
    0.0,
    0.0,
    0.0,
    0.0,
    0.0,
    0.0,
    0.0,
    0.0,
    0.0,
    0.0,
    0.0,
    0.0,
    0.0,
    0.04752361300552107,
    0.0,
    0.0,
    0.0,
    0.0
  ]
}