{
  "feature_names": [
    "elo_diff",
    "pythagorean_diff",
    "log5_prob",
    "sci_adjusted_diff",
    "sp_xfip_diff",
    "sp_kbb_diff",
    "sp_siera_diff",
    "sp_rolling_gs_diff",
    "lineup_woba_diff",
    "lineup_wrc_plus_diff",
    "park_factor",
    "momentum_diff",
    "run_diff_diff",
    "platoon_advantage",
    "statcast_xba_diff",
    "statcast_barrel_diff",
    "statcast_hardhit_diff",
    "gb_rate_diff",
    "bullpen_strength_diff",
    "drs_diff",
    "team_10d_woba_diff",
    "team_10d_fip_diff",
    "rest_days_diff"
  ],
  "mean": [
    -0.06181148534458081,
    4.054387553863745e-05,
    0.5000900393241869,
    0.00021368543317846188,
    -0.034667286143755145,
    -0.002060672345259598,
    -0.03624307187756225,
    -0.04660767969390567,
    2.1368543317846025e-05,
    0.006677669786827008,
    1.0238336977315396,
    -0.007256440349033128,
    0.008136137425690033,
    -0.0009770429078983331,
    2.8149767696091726e-05,
    -4.903028548369019e-06,
    2.7329871549603004e-05,
    9.159687447524647e-05,
    0.0004898879475266518,
    0.013444930308827697,
    -0.0012916437110205967,
    0.01713786293418699,
    0.005261000273298715
  ],
  "scale": [
    62.42092793439045,
    0.05343901142380287,
    0.08162160513280613,
    0.21799911239617709,
    4.516828895773089,
    0.5782958254160014,
    4.722139300126412,
    11.405571457285177,
    0.021799911239617737,
    6.812472262380553,
    0.0808985439957087,
    0.20540765342879475,
    1.7629201167187858,
    0.8368493025293657,
    0.014918440934139994,
    0.008667249310082184,
    0.03623137161945225,
    0.03672753908989872,
    0.7661958496641678,
    8.244598077040559,
    0.34614441848212885,
    1.600866077002424,
    6.358217772311827
  ],
  "var": [
    3896.3722441903656,
    0.0028557279419533332,
    0.006662086424455723,
    0.047523613005521055,
    20.40174327369074,
    0.3344260616935744,
    22.29859956979836,
    130.08706026723831,
    0.0004752361300552118,
    46.409778325704416,
    0.006544574420625616,
    0.04219230408712386,
    3.107887337931777,
    0.7003167551438859,
    0.00022255987990542377,
    7.51212106031201e-05,
    0.0013127122894268498,
    0.001348912127600038,
    0.587056080042596,
    67.97339745194088,
    0.11981595844633115,
    2.562772196497131,
    40.42693324014197
  ]
}