{
  "feature_names": [
    "elo_diff",
    "pythagorean_diff",
    "log5_prob",
    "sci_adjusted_diff"
  ],
  "mean": [
    -0.061811485344580995,
    4.054387553863728e-05,
    0.5000900393241869,
    0.00021368543317846163
  ],
  "scale": [
    62.42092793439044,
    0.053439011423802876,
    0.08162160513280611,
    0.21799911239617714
  ],
  "var": [
    3896.372244190365,
    0.0028557279419533345,
    0.006662086424455722,
    0.04752361300552107
  ]
}