{
  "feature_names": [
    "elo_diff",
    "pythagorean_diff",
    "log5_prob",
    "sci_adjusted_diff",
    "sp_xfip_diff",
    "sp_kbb_diff",
    "sp_siera_diff",
    "sp_rolling_gs_diff",
    "lineup_woba_diff",
    "lineup_wrc_plus_diff",
    "park_factor",
    "momentum_diff",
    "run_diff_diff",
    "platoon_advantage"
  ],
  "mean": [
    -0.061811485344580995,
    4.054387553863728e-05,
    0.5000900393241869,
    0.00021368543317846163,
    -0.034667286143755284,
    -0.0020606723452595978,
    -0.036243071877562226,
    -0.046607679693905606,
    2.1368543317845967e-05,
    0.0066776697868270425,
    1.0238336977315396,
    -0.007256440349033129,
    0.008136137425690066,
    -0.0009770429078983331
  ],
  "scale": [
    62.42092793439044,
    0.053439011423802876,
    0.08162160513280611,
    0.21799911239617714,
    4.516828895773089,
    0.5782958254160014,
    4.722139300126412,
    11.405571457285179,
    0.021799911239617737,
    6.8124722623805525,
    0.0808985439957087,
    0.20540765342879475,
    1.7629201167187856,
    0.8368493025293658
  ],
  "var": [
    3896.372244190365,
    0.0028557279419533345,
    0.006662086424455722,
    0.04752361300552107,
    20.40174327369074,
    0.3344260616935744,
    22.298599569798363,
    130.08706026723834,
    0.0004752361300552118,
    46.40977832570441,
    0.006544574420625616,
    0.04219230408712386,
    3.107887337931776,
    0.700316755143886
  ]
}